{
    "GameObject0": {
        "bconsumeInput": true,
        "bsimulateGravity": true,
        "centerPosition": {
            "x": -3.283076286315918,
            "y": -0.7921298146247864,
            "z": 0.0
        },
        "collisionType": 0,
        "colors": [
            1.0,
            1.0,
            1.0,
            1.0,
            1.0,
            1.0,
            1.0,
            1.0,
            1.0,
            1.0,
            1.0,
            1.0,
            1.0,
            1.0,
            1.0,
            1.0,
            1.0,
            1.0
        ],
        "gravityMultiplier": 1.0,
        "jumpHeight": 500.0,
        "mass": 1.0,
        "maxHealth": 100.0,
        "movementSpeed": 5.0,
        "name": "Jaba",
        "objectType": 2,
        "position": {
            "x": -3.283076286315918,
            "y": -0.7921298146247864,
            "z": 0.0
        },
        "radius": 1.0,
        "rotation": {
            "x": 0.0,
            "y": 0.0,
            "z": 34.0
        },
        "scale": {
            "x": 1.0,
            "y": 1.0,
            "z": 1.0
        },
        "size": {
            "x": 1.0,
            "y": 1.0,
            "z": 1.0
        },
        "texCoords": [
            0.0,
            0.0,
            1.0,
            0.0,
            1.0,
            1.0,
            1.0,
            1.0,
            0.0,
            1.0,
            0.0,
            0.0
        ],
        "textureName": "duck2.png",
        "vertices": [
            -0.5,
            -0.5,
            0.0,
            0.5,
            -0.5,
            0.0,
            0.5,
            0.5,
            0.0,
            0.5,
            0.5,
            0.0,
            -0.5,
            0.5,
            0.0,
            -0.5,
            -0.5,
            0.0
        ]
    },
    "GameObject1": {
        "centerPosition": {
            "x": 1.5,
            "y": -1.5,
            "z": 0.0
        },
        "collisionType": 0,
        "colors": [
            1.0,
            1.0,
            1.0,
            1.0,
            1.0,
            1.0,
            1.0,
            1.0,
            1.0,
            1.0,
            1.0,
            1.0,
            1.0,
            1.0,
            1.0,
            1.0,
            1.0,
            1.0
        ],
        "name": "ground",
        "objectType": 0,
        "position": {
            "x": 1.5,
            "y": -1.5,
            "z": 0.0
        },
        "radius": 0.5,
        "rotation": {
            "x": 0.0,
            "y": 0.0,
            "z": 0.0
        },
        "scale": {
            "x": 15.0,
            "y": 0.6320000290870667,
            "z": 1.0
        },
        "size": {
            "x": 15.0,
            "y": 0.6320000290870667,
            "z": 1.0
        },
        "texCoords": [
            0.0,
            0.0,
            1.0,
            0.0,
            1.0,
            1.0,
            1.0,
            1.0,
            0.0,
            1.0,
            0.0,
            0.0
        ],
        "textureName": "concretefloor.jpg",
        "vertices": [
            -0.5,
            -0.5,
            0.0,
            0.5,
            -0.5,
            0.0,
            0.5,
            0.5,
            0.0,
            0.5,
            0.5,
            0.0,
            -0.5,
            0.5,
            0.0,
            -0.5,
            -0.5,
            0.0
        ]
    },
    "GameObject2": {
        "bconsumeInput": false,
        "bsimulateGravity": false,
        "centerPosition": {
            "x": 0.0,
            "y": -0.5,
            "z": 0.0
        },
        "collisionType": 0,
        "colors": [
            1.0,
            1.0,
            1.0,
            1.0,
            1.0,
            1.0,
            1.0,
            1.0,
            1.0,
            1.0,
            1.0,
            1.0,
            1.0,
            1.0,
            1.0,
            1.0,
            1.0,
            1.0
        ],
        "gravityMultiplier": 1.0,
        "jumpHeight": 7.2820000648498535,
        "mass": 1.0,
        "maxHealth": 24.011999130249023,
        "movementSpeed": 1.0,
        "name": " EnemyTest",
        "objectType": 3,
        "position": {
            "x": 0.0,
            "y": -0.5,
            "z": 0.0
        },
        "radius": 0.0,
        "rotation": {
            "x": 0.0,
            "y": 0.0,
            "z": 0.0
        },
        "scale": {
            "x": 1.0,
            "y": 1.0,
            "z": 1.0
        },
        "size": {
            "x": 0.0,
            "y": 0.0,
            "z": 0.0
        },
        "texCoords": [
            0.0,
            0.0,
            1.0,
            0.0,
            1.0,
            1.0,
            1.0,
            1.0,
            0.0,
            1.0,
            0.0,
            0.0
        ],
        "textureName": "blue.png",
        "vertices": [
            -0.5,
            -0.5,
            0.0,
            0.5,
            -0.5,
            0.0,
            0.5,
            0.5,
            0.0,
            0.5,
            0.5,
            0.0,
            -0.5,
            0.5,
            0.0,
            -0.5,
            -0.5,
            0.0
        ]
    },
    "ObjectCount": 3
}
