{
    "GameObject0": {
        "banimated": true,
        "bconsumeInput": true,
        "bsimulateGravity": false,
        "centerPosition": {
            "x": -4.5,
            "y": 2.5,
            "z": 0.0
        },
        "centerPositionOffset": {
            "x": 1.0,
            "y": 0.0,
            "z": 0.0
        },
        "collisionType": 0,
        "colors": [
            1.0,
            1.0,
            1.0,
            1.0,
            1.0,
            1.0,
            1.0,
            1.0,
            1.0,
            1.0,
            1.0,
            1.0,
            1.0,
            1.0,
            1.0,
            1.0,
            1.0,
            1.0
        ],
        "columns": 11,
        "deathRow": 0,
        "gravityMultiplier": 1.5,
        "heavyAttackRow": 0,
        "idleRow": 0,
        "jumpHeight": 500.0,
        "jumpRow": 0,
        "lightAttackRow": 0,
        "mass": 1.0,
        "maxHealth": 100.0,
        "movementSpeed": 5.0,
        "name": "Jessica",
        "objectType": 2,
        "position": {
            "x": -5.5,
            "y": 2.5,
            "z": 0.0
        },
        "radius": 1.0,
        "rotation": {
            "x": 0.0,
            "y": 0.0,
            "z": 34.0
        },
        "rows": 7,
        "runRow": 0,
        "scale": {
            "x": 3.5,
            "y": 3.5,
            "z": 3.5
        },
        "size": {
            "x": 0.75,
            "y": 1.25,
            "z": 1.0
        },
        "specialAttackRow": 0,
        "takeHitRow": 0,
        "texCoords": [
            0.0,
            0.0,
            0.09090909361839294,
            0.0,
            0.09090909361839294,
            0.1428571492433548,
            0.09090909361839294,
            0.1428571492433548,
            0.0,
            0.1428571492433548,
            0.0,
            0.0
        ],
        "textureName": "DieAndIdle2.png",
        "vertices": [
            -0.5,
            -0.5,
            0.0,
            0.5,
            -0.5,
            0.0,
            0.5,
            0.5,
            0.0,
            0.5,
            0.5,
            0.0,
            -0.5,
            0.5,
            0.0,
            -0.5,
            -0.5,
            0.0
        ]
    },
    "GameObject1": {
        "centerPosition": {
            "x": 1.5,
            "y": -1.5,
            "z": 0.0
        },
        "centerPositionOffset": {
            "x": 0.0,
            "y": 0.0,
            "z": 0.0
        },
        "collisionType": 0,
        "colors": [
            1.0,
            1.0,
            1.0,
            1.0,
            1.0,
            1.0,
            1.0,
            1.0,
            1.0,
            1.0,
            1.0,
            1.0,
            1.0,
            1.0,
            1.0,
            1.0,
            1.0,
            1.0
        ],
        "name": "Ground",
        "objectType": 0,
        "position": {
            "x": 1.5,
            "y": -1.5,
            "z": 0.0
        },
        "radius": 0.5,
        "rotation": {
            "x": 0.0,
            "y": 0.0,
            "z": 0.0
        },
        "scale": {
            "x": 15.0,
            "y": 0.6000000238418579,
            "z": 1.0
        },
        "size": {
            "x": 15.0,
            "y": 0.6000000238418579,
            "z": 1.0
        },
        "texCoords": [
            0.0,
            0.0,
            1.0,
            0.0,
            1.0,
            1.0,
            1.0,
            1.0,
            0.0,
            1.0,
            0.0,
            0.0
        ],
        "textureName": "concretefloor.jpg",
        "vertices": [
            -0.5,
            -0.5,
            0.0,
            0.5,
            -0.5,
            0.0,
            0.5,
            0.5,
            0.0,
            0.5,
            0.5,
            0.0,
            -0.5,
            0.5,
            0.0,
            -0.5,
            -0.5,
            0.0
        ]
    },
    "ObjectCount": 2
}
