{
    "GameObject0": {
        "banimated": false,
        "bsimulateGravity": true,
        "centerPosition": {
            "x": 0.4190003275871277,
            "y": -0.7512526512145996,
            "z": 0.0
        },
        "collisionType": 0,
        "colors": [
            1.0,
            1.0,
            1.0,
            1.0,
            1.0,
            1.0,
            1.0,
            1.0,
            1.0,
            1.0,
            1.0,
            1.0,
            1.0,
            1.0,
            1.0,
            1.0,
            1.0,
            1.0
        ],
        "columns": 0,
        "imageFormat": 6408,
        "internalFormat": 6408,
        "mass": 1.0,
        "name": "duck",
        "objectType": 1,
        "position": {
            "x": 0.4190003275871277,
            "y": -0.7512526512145996,
            "z": 0.0
        },
        "radius": 0.0,
        "rotation": {
            "x": 0.0,
            "y": 0.0,
            "z": 34.0
        },
        "rows": 0,
        "scale": {
            "x": 1.0,
            "y": 1.0,
            "z": 1.0
        },
        "size": {
            "x": 1.0,
            "y": 1.0,
            "z": 1.0
        },
        "texCoords": [
            0.0,
            0.0,
            1.0,
            0.0,
            1.0,
            1.0,
            1.0,
            1.0,
            0.0,
            1.0,
            0.0,
            0.0
        ],
        "texturePath": "res/textures/duck2.png",
        "vertices": [
            -0.5,
            -0.5,
            0.0,
            0.5,
            -0.5,
            0.0,
            0.5,
            0.5,
            0.0,
            0.5,
            0.5,
            0.0,
            -0.5,
            0.5,
            0.0,
            -0.5,
            -0.5,
            0.0
        ]
    },
    "GameObject1": {
        "centerPosition": {
            "x": 1.0,
            "y": -1.5,
            "z": 0.0
        },
        "collisionType": 0,
        "colors": [
            1.0,
            1.0,
            1.0,
            1.0,
            1.0,
            1.0,
            1.0,
            1.0,
            1.0,
            1.0,
            1.0,
            1.0,
            1.0,
            1.0,
            1.0,
            1.0,
            1.0,
            1.0
        ],
        "imageFormat": 6407,
        "internalFormat": 6407,
        "name": "ground",
        "objectType": 0,
        "position": {
            "x": 1.0,
            "y": -1.5,
            "z": 0.0
        },
        "radius": 0.0,
        "rotation": {
            "x": 0.0,
            "y": 0.0,
            "z": 0.0
        },
        "scale": {
            "x": 12.0,
            "y": 0.5,
            "z": 1.0
        },
        "size": {
            "x": 12.0,
            "y": 0.5,
            "z": 1.0
        },
        "texCoords": [
            0.0,
            0.0,
            1.0,
            0.0,
            1.0,
            1.0,
            1.0,
            1.0,
            0.0,
            1.0,
            0.0,
            0.0
        ],
        "texturePath": "res/textures/concretefloor.png",
        "vertices": [
            -0.5,
            -0.5,
            0.0,
            0.5,
            -0.5,
            0.0,
            0.5,
            0.5,
            0.0,
            0.5,
            0.5,
            0.0,
            -0.5,
            0.5,
            0.0,
            -0.5,
            -0.5,
            0.0
        ]
    },
    "ObjectCount": 2
}
