{
    "GameObject0": {
        "banimated": false,
        "bsimulateGravity": true,
        "centerPosition": {
            "x": 5.063005447387695,
            "y": -0.25028711557388306,
            "z": 0.0
        },
        "collisionType": 0,
        "colors": [
            1.0,
            1.0,
            1.0,
            1.0,
            1.0,
            1.0,
            1.0,
            1.0,
            1.0,
            1.0,
            1.0,
            1.0,
            1.0,
            1.0,
            1.0,
            1.0,
            1.0,
            1.0
        ],
        "columns": 0,
        "gravityMultiplier": 1.0,
        "jumpHeight": 376.0830078125,
        "mass": 1.0,
        "maxHealth": 159.46600341796875,
        "movementSpeed": 3.1080000400543213,
        "name": "duck",
        "objectType": 2,
        "position": {
            "x": 5.063005447387695,
            "y": -0.25028711557388306,
            "z": 0.0
        },
        "radius": 0.0,
        "rotation": {
            "x": 0.0,
            "y": 0.0,
            "z": 17.0
        },
        "rows": 0,
        "scale": {
            "x": 1.0,
            "y": 1.0,
            "z": 1.0
        },
        "size": {
            "x": 1.0,
            "y": 1.0,
            "z": 1.0
        },
        "texCoords": [
            0.0,
            0.0,
            1.0,
            0.0,
            1.0,
            1.0,
            1.0,
            1.0,
            0.0,
            1.0,
            0.0,
            0.0
        ],
        "textureName": "duck2.png",
        "vertices": [
            -0.5,
            -0.5,
            0.0,
            0.5,
            -0.5,
            0.0,
            0.5,
            0.5,
            0.0,
            0.5,
            0.5,
            0.0,
            -0.5,
            0.5,
            0.0,
            -0.5,
            -0.5,
            0.0
        ]
    },
    "GameObject1": {
        "centerPosition": {
            "x": 2.0,
            "y": -1.0,
            "z": 0.0
        },
        "collisionType": 0,
        "colors": [
            1.0,
            1.0,
            1.0,
            1.0,
            1.0,
            1.0,
            1.0,
            1.0,
            1.0,
            1.0,
            1.0,
            1.0,
            1.0,
            1.0,
            1.0,
            1.0,
            1.0,
            1.0
        ],
        "name": "ground",
        "objectType": 0,
        "position": {
            "x": 2.0,
            "y": -1.0,
            "z": 0.0
        },
        "radius": 0.0,
        "rotation": {
            "x": 0.0,
            "y": 0.0,
            "z": 0.0
        },
        "scale": {
            "x": 12.0,
            "y": 0.5,
            "z": 1.0
        },
        "size": {
            "x": 12.0,
            "y": 0.5,
            "z": 1.0
        },
        "texCoords": [
            0.0,
            0.0,
            1.0,
            0.0,
            1.0,
            1.0,
            1.0,
            1.0,
            0.0,
            1.0,
            0.0,
            0.0
        ],
        "textureName": "concretefloor.jpg",
        "vertices": [
            -0.5,
            -0.5,
            0.0,
            0.5,
            -0.5,
            0.0,
            0.5,
            0.5,
            0.0,
            0.5,
            0.5,
            0.0,
            -0.5,
            0.5,
            0.0,
            -0.5,
            -0.5,
            0.0
        ]
    },
    "ObjectCount": 2
}
