{
    "banimated": false,
    "bsimulateGravity": true,
    "centerPosition": [
        0.0,
        -1.2230383157730103,
        0.0
    ],
    "collisionType": 0,
    "colors": [
        1.0,
        1.0,
        1.0,
        1.0,
        1.0,
        1.0,
        1.0,
        1.0,
        1.0,
        1.0,
        1.0,
        1.0,
        1.0,
        1.0,
        1.0,
        1.0,
        1.0,
        1.0
    ],
    "columns": 0,
    "imageFormat": 6408,
    "internalFormat": 6408,
    "mass": 1.0,
    "name": "duck",
    "objectType": 1,
    "position": [
        0.0,
        -1.2230383157730103,
        0.0
    ],
    "radius": 0.0,
    "rotation": [
        0.0,
        0.0,
        0.0
    ],
    "rows": 0,
    "scale": [
        2.0,
        2.0,
        1.0
    ],
    "size": [
        2.0,
        2.0,
        1.0
    ],
    "texCoords": [
        0.0,
        0.0,
        1.0,
        0.0,
        1.0,
        1.0,
        1.0,
        1.0,
        0.0,
        1.0,
        0.0,
        0.0
    ],
    "texturePath": "res/textures/duck2.png",
    "vertices": [
        -0.5,
        -0.5,
        0.0,
        0.5,
        -0.5,
        0.0,
        0.5,
        0.5,
        0.0,
        0.5,
        0.5,
        0.0,
        -0.5,
        0.5,
        0.0,
        -0.5,
        -0.5,
        0.0
    ]
}
