{
    "centerPosition": [
        0.0,
        -2.5,
        0.0
    ],
    "collisionType": 0,
    "colors": [
        1.0,
        1.0,
        1.0,
        1.0,
        1.0,
        1.0,
        1.0,
        1.0,
        1.0,
        1.0,
        1.0,
        1.0,
        1.0,
        1.0,
        1.0,
        1.0,
        1.0,
        1.0
    ],
    "imageFormat": 6407,
    "internalFormat": 6407,
    "name": "ground",
    "position": [
        0.0,
        -2.5,
        0.0
    ],
    "radius": 0.0,
    "rotation": [
        0.0,
        0.0,
        0.0
    ],
    "scale": [
        10.0,
        0.6000000238418579,
        1.0
    ],
    "size": [
        10.0,
        0.6000000238418579,
        1.0
    ],
    "texCoords": [
        0.0,
        0.0,
        1.0,
        0.0,
        1.0,
        1.0,
        1.0,
        1.0,
        0.0,
        1.0,
        0.0,
        0.0
    ],
    "texturePath": "res/textures/concretefloor.png",
    "vertices": [
        -0.5,
        -0.5,
        0.0,
        0.5,
        -0.5,
        0.0,
        0.5,
        0.5,
        0.0,
        0.5,
        0.5,
        0.0,
        -0.5,
        0.5,
        0.0,
        -0.5,
        -0.5,
        0.0
    ]
}
