{
    "Wall": {
        "centerPosition": {
            "x": -5.75,
            "y": -2.25,
            "z": 0.0
        },
        "centerPositionOffset": {
            "x": 0.0,
            "y": 0.0,
            "z": 0.0
        },
        "collisionType": 0,
        "colors": [
            1.0,
            1.0,
            1.0,
            1.0,
            1.0,
            1.0,
            1.0,
            1.0,
            1.0,
            1.0,
            1.0,
            1.0,
            1.0,
            1.0,
            1.0,
            1.0,
            1.0,
            1.0
        ],
        "name": "Wall",
        "objectType": 0,
        "position": {
            "x": -5.75,
            "y": -2.25,
            "z": 0.0
        },
        "radius": 0.0,
        "rotation": {
            "x": 0.0,
            "y": 0.0,
            "z": 0.0
        },
        "scale": {
            "x": 0.10000000149011612,
            "y": 0.5,
            "z": 1.0
        },
        "size": {
            "x": 0.10000000149011612,
            "y": 0.5,
            "z": 1.0
        },
        "texCoords": [
            0.0,
            0.0,
            1.0,
            0.0,
            1.0,
            1.0,
            1.0,
            1.0,
            0.0,
            1.0,
            0.0,
            0.0
        ],
        "textureName": "blue.png",
        "vertices": [
            -0.5,
            -0.5,
            0.0,
            0.5,
            -0.5,
            0.0,
            0.5,
            0.5,
            0.0,
            0.5,
            0.5,
            0.0,
            -0.5,
            0.5,
            0.0,
            -0.5,
            -0.5,
            0.0
        ]
    }
}
